baron_count,match_count,win_count,win_rate
0,54118,16449,30.39469307808862
1,28863,23003,79.69719017427155
2,5796,4834,83.4023464458247
3,365,278,76.16438356164383
4,19,16,84.21052631578947
