horde_count,match_count,win_count,win_rate
0,34624,13497,38.98163123844732
1,9986,4640,46.4650510715001
2,9993,5351,53.54748323826679
3,34559,21093,61.03475216296768
