team,win,team_name,win_rate
Blue,0.4981270047778201,Blue,49.81
Red,0.5018729952221799,Red,50.19
